biotechnologist,geneticist,lab_assistant,experiment_date,plant_culture,dna_markers,protocol_stages,laboratory_address,laboratory_phone,geneticist_experience_years
Сергій Білик,д-р Коваль,Іван Прут,2024-09-14,пшениця,SNP1:A/G;SNP2:C/T,екстракція;ПЛР;секвенування,"м. Київ, вул. Науки, 1",380445550901,10
Сергій Білик,д-р Коваль,Леся Прут,2024-09-14,кукурудза,SNP3:G/T,культивування;ПЛР,"м. Київ, вул. Науки, 1",380445550901,10
Сергій Білик,д-р Рибак,Дмитро Огієнко,2024-09-15,соя,SSR1:AT;SNP4:C/G,екстракція;QPCR,"м. Київ, вул. Науки, 1",380445550901,6
Оксана Дудник,д-р Коваль,Іван Прут,2024-09-16,пшениця,SNP2:C/T,секвенування;анотація,"м. Київ, просп. Біо, 5",380445550902,10
Оксана Дудник,д-р Рибак,Леся Прут,2024-09-16,кукурудза,SNP1:A/G;SSR2:TA,ПЛР;відбір,"м. Київ, просп. Біо, 5",380445550902,6
Оксана Дудник,д-р Коваль,Дмитро Огієнко,2024-09-17,соя,SNP5:T/C,культивування;ПЛР,"м. Київ, просп. Біо, 5",380445550902,10
Марина Зінченко,д-р Рибак,Іван Прут,2024-09-18,пшениця,SNP6:A/A,екстракція;QPCR,"м. Київ, вул. Геномна, 12",380445550903,6
Марина Зінченко,д-р Коваль,Леся Прут,2024-09-18,кукурудза,SNP7:G/G,секвенування;анотація,"м. Київ, вул. Геномна, 12",380445550903,10
Марина Зінченко,д-р Рибак,Дмитро Огієнко,2024-09-19,соя,SSR3:ATG,культивування;відбір,"м. Київ, вул. Геномна, 12",380445550903,6
Сергій Білик,д-р Коваль,Іван Прут,2024-09-19,пшениця,SNP2:C/T,ПЛР;QPCR,"м. Київ, вул. Науки, 1",380445550901,10
Оксана Дудник,д-р Рибак,Леся Прут,2024-09-19,кукурудза,SNP3:G/T,екстракція;секвенування,"м. Київ, просп. Біо, 5",380445550902,6
Марина Зінченко,д-р Коваль,Дмитро Огієнко,2024-09-20,соя,SNP5:T/C,ПЛР;анотація,"м. Київ, вул. Геномна, 12",380445550903,10
